"user_id","name","email_id","position","salary","hire_date","city"
1,"Manish","manish@gmail.com","Manager",60000,"2023-05-30","Patna"
2,"Sunil","sunil@gmail.com","Assistant Manager",50000,"2023-09-24","Nasik"
3,"Rohit","rohit@gmail.com","Clerk",30000,"2023-07-10","Lucknow"
4,"Sneha","sneha@gmail.com","Probationary Officer",45000,"2023-08-15","Delhi"
5,"Amit","amit@gmail.com","Branch Manager",70000,"2023-06-20","Patna"
6,"Priya","priya@gmail.com","Loan Officer",40000,"2023-09-05","Mumbai"
7,"Vikas","vikas@gmail.com","Credit Analyst",50000,"2023-07-25","Chennai"
8,"Neha","neha@gmail.com","Relationship Manager",55000,"2023-08-30","Bangalore"
9,"Suresh","suresh@gmail.com","Cashier",28000,"2023-09-12","Hyderabad"
10,"Anjali","anjali@gmail.com","Operations Manager",60000,"2023-05-18","Kolkata"
11,"Ravi","ravi@gmail.com","Customer Service Executive",35000,"2023-07-22","Jaipur"
